{"modelTopology":{"class_name":"Sequential","config":{"name":"sequential_2","layers":[{"class_name":"Flatten","config":{"name":"flatten_Flatten2","trainable":true,"batch_input_shape":[null,7,7,1024],"dtype":"float32"}},{"class_name":"Dense","config":{"units":100,"activation":"relu","use_bias":true,"kernel_initializer":{"class_name":"VarianceScaling","config":{"scale":1,"mode":"fan_avg","distribution":"normal","seed":null}},"bias_initializer":{"class_name":"Zeros","config":{}},"kernel_regularizer":null,"bias_regularizer":null,"activity_regularizer":null,"kernel_constraint":null,"bias_constraint":null,"name":"dense_Dense3","trainable":true}},{"class_name":"Dense","config":{"units":5,"activation":"softmax","use_bias":true,"kernel_initializer":{"class_name":"VarianceScaling","config":{"scale":1,"mode":"fan_avg","distribution":"normal","seed":null}},"bias_initializer":{"class_name":"Zeros","config":{}},"kernel_regularizer":null,"bias_regularizer":null,"activity_regularizer":null,"kernel_constraint":null,"bias_constraint":null,"name":"dense_Dense4","trainable":true}}]},"keras_version":"tfjs-layers 3.16.0","backend":"tensor_flow.js"},"format":"layers-model","generatedBy":"TensorFlow.js tfjs-layers v3.16.0","convertedBy":null,"weightsManifest":[{"paths":["./my_model.weights.bin"],"weights":[{"name":"dense_Dense3/kernel","shape":[50176,100],"dtype":"float32"},{"name":"dense_Dense3/bias","shape":[100],"dtype":"float32"},{"name":"dense_Dense4/kernel","shape":[100,5],"dtype":"float32"},{"name":"dense_Dense4/bias","shape":[5],"dtype":"float32"}]}]}